pkgName,className,mdName,mmCOMP,mmNOCL,mmNOS,mmHLTH,mmHVOC,mmHEFF,mmHBUG,mmCREF,mmXMET,mmLMET,mmNLOC,mmNOC,mmNOA,mmMOD,mmHDIF,mmVDEC,mmEXCT,mmEXCR,mmCAST,mmTDN,mmHVOL,mmNAND,mmVREF,mmNOPR,mmMDN,mmNEXP,mmLOOP,ccNoMethods,ccLCOM,ccAVCC,ccNOS,ccHBUG,ccHEFF,ccUWCS,ccINST,ccPACK,ccRFC,ccCBO,ccMI,ccCCML,ccNLOC,ccRVF,ccF-IN,ccDIT,ccMINC,ccS-R,ccR-R,ccCOH,ccLMC,ccLCOM2,ccMAXCC,ccHVOL,ccHIER,ccNQU,ccFOUT,ccSuperclass,ccSIX,ccEXT,ccNSUP,ccTCC,ccNSUB,ccMPC,ccNCO,ccINTR,ccCCOM,ccHLTH,ccMOD,ppNoClasses,ppNOS,ppAVCC,ppHBUG,ppHEFF,ppHLTH,ppHVOL,ppMI,ppCCML,ppNLOC,ppRVF,ppTCC,ppCCOM,ppINST,ppDIST,ppFIN,ppNoMethods,ppMINC,ppABST,ppMAXCC,ppFOUT
net.objecthunter.exp4j,ArrayStack,ArrayStack,1,0,2,7,6,27.14,0.01,0,0,1,3,0,0,0,1.50,0,0,0,0,0,18.09,3,0,4,0,1,0,7,0.25,1.57,28,0.22,5324.42,9,2,1,7,1,125.75,5,41,3.00,1,1,125.75,0.00,0.00,0.71,0,0.00,2,674.03,1,4,0,java.lang.Object,0.00,0,0,11,0,0,3,0,1,164,0,5,288,2.17,2.99,149743.43,1776,8968.80,108.87,159,332,11,78,30,0.83,0.17,1,36,108.64,0.00,13,5
net.objecthunter.exp4j,ArrayStack,ArrayStack,2,0,5,29,20,752.02,0.04,1,1,0,8,0,1,0,6.00,0,0,0,0,1,125.34,12,4,17,1,6,0,7,0.25,1.57,28,0.22,5324.42,9,2,1,7,1,125.75,5,41,3.00,1,1,125.75,0.00,0.00,0.71,0,0.00,2,674.03,1,4,0,java.lang.Object,0.00,0,0,11,0,0,3,0,1,164,0,5,288,2.17,2.99,149743.43,1776,8968.80,108.87,159,332,11,78,30,0.83,0.17,1,36,108.64,0.00,13,5
net.objecthunter.exp4j,ArrayStack,isEmpty,1,0,2,10,10,99.66,0.01,0,0,0,3,0,0,0,3.00,0,0,0,0,0,33.22,4,1,6,0,2,0,7,0.25,1.57,28,0.22,5324.42,9,2,1,7,1,125.75,5,41,3.00,1,1,125.75,0.00,0.00,0.71,0,0.00,2,674.03,1,4,0,java.lang.Object,0.00,0,0,11,0,0,3,0,1,164,0,5,288,2.17,2.99,149743.43,1776,8968.80,108.87,159,332,11,78,30,0.83,0.17,1,36,108.64,0.00,13,5
net.objecthunter.exp4j,ArrayStack,peek,2,0,4,21,16,490.00,0.03,1,1,0,6,0,0,0,5.83,0,0,0,0,1,84.00,7,3,14,1,4,0,7,0.25,1.57,28,0.22,5324.42,9,2,1,7,1,125.75,5,41,3.00,1,1,125.75,0.00,0.00,0.71,0,0.00,2,674.03,1,4,0,java.lang.Object,0.00,0,0,11,0,0,3,0,1,164,0,5,288,2.17,2.99,149743.43,1776,8968.80,108.87,159,332,11,78,30,0.83,0.17,1,36,108.64,0.00,13,5
net.objecthunter.exp4j,ArrayStack,pop,2,0,4,22,17,513.85,0.03,1,1,0,6,0,0,0,5.71,0,0,0,0,1,89.92,8,3,14,1,5,0,7,0.25,1.57,28,0.22,5324.42,9,2,1,7,1,125.75,5,41,3.00,1,1,125.75,0.00,0.00,0.71,0,0.00,2,674.03,1,4,0,java.lang.Object,0.00,0,0,11,0,0,3,0,1,164,0,5,288,2.17,2.99,149743.43,1776,8968.80,108.87,159,332,11,78,30,0.83,0.17,1,36,108.64,0.00,13,5
net.objecthunter.exp4j,ArrayStack,push,2,0,6,57,26,3329.93,0.09,1,1,0,8,0,1,0,12.43,1,0,0,1,1,267.93,29,14,28,1,12,0,7,0.25,1.57,28,0.22,5324.42,9,2,1,7,1,125.75,5,41,3.00,1,1,125.75,0.00,0.00,0.71,0,0.00,2,674.03,1,4,0,java.lang.Object,0.00,0,0,11,0,0,3,0,1,164,0,5,288,2.17,2.99,149743.43,1776,8968.80,108.87,159,332,11,78,30,0.83,0.17,1,36,108.64,0.00,13,5
net.objecthunter.exp4j,ArrayStack,size,1,0,2,9,9,71.32,0.01,0,0,0,3,0,0,0,2.50,0,0,0,0,0,28.53,4,1,5,0,1,0,7,0.25,1.57,28,0.22,5324.42,9,2,1,7,1,125.75,5,41,3.00,1,1,125.75,0.00,0.00,0.71,0,0.00,2,674.03,1,4,0,java.lang.Object,0.00,0,0,11,0,0,3,0,1,164,0,5,288,2.17,2.99,149743.43,1776,8968.80,108.87,159,332,11,78,30,0.83,0.17,1,36,108.64,0.00,13,5
net.objecthunter.exp4j,Expression$Callable_Double_,call,1,0,2,13,12,163.12,0.02,2,0,1,3,0,0,2,3.50,0,1,0,0,0,46.60,5,0,8,0,1,0,5,288,2.17,2.99,149743.43,1776,8968.80,108.87,159,332,11,78,30,0.83,0.17,1,36,108.64,0.00,13,5
net.objecthunter.exp4j,Expression,Expression,1,5,5,60,24,2750.98,0.09,4,4,0,6,1,1,1,10.00,0,0,0,0,0,275.10,28,13,32,0,8,0,12,0.03,3.33,133,1.94,123082.09,15,3,20,12,12,150.29,16,150,38.00,2,1,100.29,0.00,0.00,0.36,4,12.00,13,5815.86,0,8,10,java.lang.Object,0.00,0,0,40,0,0,4,0,7,1047,1,5,288,2.17,2.99,149743.43,1776,8968.80,108.87,159,332,11,78,30,0.83,0.17,1,36,108.64,0.00,13,5
net.objecthunter.exp4j,Expression,Expression,1,0,4,32,19,856.38,0.05,3,0,1,5,0,1,0,6.30,0,0,0,0,0,135.93,14,5,18,0,4,0,12,0.03,3.33,133,1.94,123082.09,15,3,20,12,12,150.29,16,150,38.00,2,1,100.29,0.00,0.00,0.36,4,12.00,13,5815.86,0,8,10,java.lang.Object,0.00,0,0,40,0,0,4,0,7,1047,1,5,288,2.17,2.99,149743.43,1776,8968.80,108.87,159,332,11,78,30,0.83,0.17,1,36,108.64,0.00,13,5
net.objecthunter.exp4j,Expression,Expression,1,0,4,31,18,969.51,0.04,3,0,1,5,0,2,0,7.50,0,0,0,0,0,129.27,15,5,16,0,4,0,12,0.03,3.33,133,1.94,123082.09,15,3,20,12,12,150.29,16,150,38.00,2,1,100.29,0.00,0.00,0.36,4,12.00,13,5815.86,0,8,10,java.lang.Object,0.00,0,0,40,0,0,4,0,7,1047,1,5,288,2.17,2.99,149743.43,1776,8968.80,108.87,159,332,11,78,30,0.83,0.17,1,36,108.64,0.00,13,5
net.objecthunter.exp4j,Expression,checkVariableName,2,0,3,35,24,1086.28,0.05,3,3,0,5,0,1,1,6.77,0,0,0,0,1,160.47,16,4,19,1,7,0,12,0.03,3.33,133,1.94,123082.09,15,3,20,12,12,150.29,16,150,38.00,2,1,100.29,0.00,0.00,0.36,4,12.00,13,5815.86,0,8,10,java.lang.Object,0.00,0,0,40,0,0,4,0,7,1047,1,5,288,2.17,2.99,149743.43,1776,8968.80,108.87,159,332,11,78,30,0.83,0.17,1,36,108.64,0.00,13,5
net.objecthunter.exp4j,Expression,createDefaultVariables,1,0,7,64,28,3692.05,0.10,5,2,0,8,0,0,2,12.00,1,0,0,0,0,307.67,32,8,32,0,6,0,12,0.03,3.33,133,1.94,123082.09,15,3,20,12,12,150.29,16,150,38.00,2,1,100.29,0.00,0.00,0.36,4,12.00,13,5815.86,0,8,10,java.lang.Object,0.00,0,0,40,0,0,4,0,7,1047,1,5,288,2.17,2.99,149743.43,1776,8968.80,108.87,159,332,11,78,30,0.83,0.17,1,36,108.64,0.00,13,5
net.objecthunter.exp4j,Expression,evaluate,13,3,41,367,79,63660.79,0.77,9,17,0,44,3,0,1,27.52,13,0,0,4,12,2313.49,152,56,215,3,83,2,12,0.03,3.33,133,1.94,123082.09,15,3,20,12,12,150.29,16,150,38.00,2,1,100.29,0.00,0.00,0.36,4,12.00,13,5815.86,0,8,10,java.lang.Object,0.00,0,0,40,0,0,4,0,7,1047,1,5,288,2.17,2.99,149743.43,1776,8968.80,108.87,159,332,11,78,30,0.83,0.17,1,36,108.64,0.00,13,5
net.objecthunter.exp4j,Expression,evaluateAsync,1,0,2,36,22,1123.78,0.05,4,2,0,8,0,1,1,7.00,0,0,0,0,0,160.54,14,1,22,0,2,0,12,0.03,3.33,133,1.94,123082.09,15,3,20,12,12,150.29,16,150,38.00,2,1,100.29,0.00,0.00,0.36,4,12.00,13,5815.86,0,8,10,java.lang.Object,0.00,0,0,40,0,0,4,0,7,1047,1,5,288,2.17,2.99,149743.43,1776,8968.80,108.87,159,332,11,78,30,0.83,0.17,1,36,108.64,0.00,13,5
net.objecthunter.exp4j,Expression,getVariableNames,3,0,8,55,28,3203.36,0.09,5,4,0,8,0,0,1,12.12,1,0,0,1,1,264.40,21,6,34,1,7,1,12,0.03,3.33,133,1.94,123082.09,15,3,20,12,12,150.29,16,150,38.00,2,1,100.29,0.00,0.00,0.36,4,12.00,13,5815.86,0,8,10,java.lang.Object,0.00,0,0,40,0,0,4,0,7,1047,1,5,288,2.17,2.99,149743.43,1776,8968.80,108.87,159,332,11,78,30,0.83,0.17,1,36,108.64,0.00,13,5
net.objecthunter.exp4j,Expression,setVariable,1,0,4,33,19,695.07,0.05,3,2,1,5,0,2,1,4.96,0,0,0,0,0,140.18,17,4,16,0,3,0,12,0.03,3.33,133,1.94,123082.09,15,3,20,12,12,150.29,16,150,38.00,2,1,100.29,0.00,0.00,0.36,4,12.00,13,5815.86,0,8,10,java.lang.Object,0.00,0,0,40,0,0,4,0,7,1047,1,5,288,2.17,2.99,149743.43,1776,8968.80,108.87,159,332,11,78,30,0.83,0.17,1,36,108.64,0.00,13,5
net.objecthunter.exp4j,Expression,setVariables,2,0,7,43,23,1496.26,0.06,5,3,1,6,0,1,1,7.69,0,0,0,0,1,194.51,20,3,23,1,4,1,12,0.03,3.33,133,1.94,123082.09,15,3,20,12,12,150.29,16,150,38.00,2,1,100.29,0.00,0.00,0.36,4,12.00,13,5815.86,0,8,10,java.lang.Object,0.00,0,0,40,0,0,4,0,7,1047,1,5,288,2.17,2.99,149743.43,1776,8968.80,108.87,159,332,11,78,30,0.83,0.17,1,36,108.64,0.00,13,5
net.objecthunter.exp4j,Expression,validate,1,0,2,10,8,100.00,0.01,1,0,1,3,0,0,1,3.33,0,0,0,0,0,30.00,4,0,6,0,1,0,12,0.03,3.33,133,1.94,123082.09,15,3,20,12,12,150.29,16,150,38.00,2,1,100.29,0.00,0.00,0.36,4,12.00,13,5815.86,0,8,10,java.lang.Object,0.00,0,0,40,0,0,4,0,7,1047,1,5,288,2.17,2.99,149743.43,1776,8968.80,108.87,159,332,11,78,30,0.83,0.17,1,36,108.64,0.00,13,5
net.objecthunter.exp4j,Expression,validate,13,8,42,262,75,43246.69,0.54,10,13,0,48,3,1,1,26.50,6,0,0,3,11,1631.95,106,38,156,4,45,2,12,0.03,3.33,133,1.94,123082.09,15,3,20,12,12,150.29,16,150,38.00,2,1,100.29,0.00,0.00,0.36,4,12.00,13,5815.86,0,8,10,java.lang.Object,0.00,0,0,40,0,0,4,0,7,1047,1,5,288,2.17,2.99,149743.43,1776,8968.80,108.87,159,332,11,78,30,0.83,0.17,1,36,108.64,0.00,13,5
net.objecthunter.exp4j,ExpressionBuilder,ExpressionBuilder,2,4,7,72,31,3993.08,0.12,4,5,0,9,1,1,1,11.19,0,0,0,0,1,356.70,31,7,41,1,13,0,13,0.02,1.77,82,0.73,20022.23,18,5,5,13,6,116.98,59,89,11.00,1,1,116.74,0.00,0.00,0.22,2,41.00,4,2200.40,0,11,5,java.lang.Object,0.00,0,0,23,0,0,2,0,14,490,1,5,288,2.17,2.99,149743.43,1776,8968.80,108.87,159,332,11,78,30,0.83,0.17,1,36,108.64,0.00,13,5
net.objecthunter.exp4j,ExpressionBuilder,build,4,6,14,107,43,7620.51,0.19,5,8,0,16,3,0,1,13.12,0,0,0,0,3,580.61,49,16,58,2,17,1,13,0.02,1.77,82,0.73,20022.23,18,5,5,13,6,116.98,59,89,11.00,1,1,116.74,0.00,0.00,0.22,2,41.00,4,2200.40,0,11,5,java.lang.Object,0.00,0,0,23,0,0,2,0,14,490,1,5,288,2.17,2.99,149743.43,1776,8968.80,108.87,159,332,11,78,30,0.83,0.17,1,36,108.64,0.00,13,5
net.objecthunter.exp4j,ExpressionBuilder,checkOperatorSymbol,3,0,8,44,27,1845.58,0.07,3,4,0,8,0,1,1,8.82,1,0,0,0,2,209.22,19,4,25,2,8,1,13,0.02,1.77,82,0.73,20022.23,18,5,5,13,6,116.98,59,89,11.00,1,1,116.74,0.00,0.00,0.22,2,41.00,4,2200.40,0,11,5,java.lang.Object,0.00,0,0,23,0,0,2,0,14,490,1,5,288,2.17,2.99,149743.43,1776,8968.80,108.87,159,332,11,78,30,0.83,0.17,1,36,108.64,0.00,13,5
net.objecthunter.exp4j,ExpressionBuilder,function,1,5,3,22,13,383.79,0.03,2,2,0,4,1,1,1,4.71,0,0,0,0,0,81.41,11,3,11,0,2,0,13,0.02,1.77,82,0.73,20022.23,18,5,5,13,6,116.98,59,89,11.00,1,1,116.74,0.00,0.00,0.22,2,41.00,4,2200.40,0,11,5,java.lang.Object,0.00,0,0,23,0,0,2,0,14,490,1,5,288,2.17,2.99,149743.43,1776,8968.80,108.87,159,332,11,78,30,0.83,0.17,1,36,108.64,0.00,13,5
net.objecthunter.exp4j,ExpressionBuilder,functions,2,5,7,32,19,1132.78,0.05,3,2,0,6,1,1,1,8.33,0,0,0,0,1,135.93,15,4,17,1,2,1,13,0.02,1.77,82,0.73,20022.23,18,5,5,13,6,116.98,59,89,11.00,1,1,116.74,0.00,0.00,0.22,2,41.00,4,2200.40,0,11,5,java.lang.Object,0.00,0,0,23,0,0,2,0,14,490,1,5,288,2.17,2.99,149743.43,1776,8968.80,108.87,159,332,11,78,30,0.83,0.17,1,36,108.64,0.00,13,5
net.objecthunter.exp4j,ExpressionBuilder,functions,2,5,7,30,17,965.66,0.04,2,2,0,6,1,1,1,7.88,0,0,0,0,1,122.62,14,4,16,1,2,1,13,0.02,1.77,82,0.73,20022.23,18,5,5,13,6,116.98,59,89,11.00,1,1,116.74,0.00,0.00,0.22,2,41.00,4,2200.40,0,11,5,java.lang.Object,0.00,0,0,23,0,0,2,0,14,490,1,5,288,2.17,2.99,149743.43,1776,8968.80,108.87,159,332,11,78,30,0.83,0.17,1,36,108.64,0.00,13,5
net.objecthunter.exp4j,ExpressionBuilder,implicitMultiplication,1,0,3,16,12,321.21,0.02,1,0,0,4,0,1,1,5.60,0,0,0,0,0,57.36,8,2,8,0,1,0,13,0.02,1.77,82,0.73,20022.23,18,5,5,13,6,116.98,59,89,11.00,1,1,116.74,0.00,0.00,0.22,2,41.00,4,2200.40,0,11,5,java.lang.Object,0.00,0,0,23,0,0,2,0,14,490,1,5,288,2.17,2.99,149743.43,1776,8968.80,108.87,159,332,11,78,30,0.83,0.17,1,36,108.64,0.00,13,5
net.objecthunter.exp4j,ExpressionBuilder,operator,2,5,7,26,17,910.92,0.04,3,0,1,6,1,1,1,8.57,0,0,0,0,1,106.27,12,2,14,1,1,1,13,0.02,1.77,82,0.73,20022.23,18,5,5,13,6,116.98,59,89,11.00,1,1,116.74,0.00,0.00,0.22,2,41.00,4,2200.40,0,11,5,java.lang.Object,0.00,0,0,23,0,0,2,0,14,490,1,5,288,2.17,2.99,149743.43,1776,8968.80,108.87,159,332,11,78,30,0.83,0.17,1,36,108.64,0.00,13,5
net.objecthunter.exp4j,ExpressionBuilder,operator,1,5,4,28,14,559.68,0.04,2,2,1,5,1,1,1,5.25,0,0,0,0,0,106.61,14,4,14,0,3,0,13,0.02,1.77,82,0.73,20022.23,18,5,5,13,6,116.98,59,89,11.00,1,1,116.74,0.00,0.00,0.22,2,41.00,4,2200.40,0,11,5,java.lang.Object,0.00,0,0,23,0,0,2,0,14,490,1,5,288,2.17,2.99,149743.43,1776,8968.80,108.87,159,332,11,78,30,0.83,0.17,1,36,108.64,0.00,13,5
net.objecthunter.exp4j,ExpressionBuilder,operator,2,5,7,24,15,773.56,0.03,2,0,1,6,1,1,1,8.25,0,0,0,0,1,93.77,11,2,13,1,1,1,13,0.02,1.77,82,0.73,20022.23,18,5,5,13,6,116.98,59,89,11.00,1,1,116.74,0.00,0.00,0.22,2,41.00,4,2200.40,0,11,5,java.lang.Object,0.00,0,0,23,0,0,2,0,14,490,1,5,288,2.17,2.99,149743.43,1776,8968.80,108.87,159,332,11,78,30,0.83,0.17,1,36,108.64,0.00,13,5
net.objecthunter.exp4j,ExpressionBuilder,variable,1,5,3,18,13,256.92,0.02,2,1,0,4,1,1,1,3.86,0,0,0,0,0,66.61,9,2,9,0,1,0,13,0.02,1.77,82,0.73,20022.23,18,5,5,13,6,116.98,59,89,11.00,1,1,116.74,0.00,0.00,0.22,2,41.00,4,2200.40,0,11,5,java.lang.Object,0.00,0,0,23,0,0,2,0,14,490,1,5,288,2.17,2.99,149743.43,1776,8968.80,108.87,159,332,11,78,30,0.83,0.17,1,36,108.64,0.00,13,5
net.objecthunter.exp4j,ExpressionBuilder,variables,1,5,3,20,14,380.74,0.03,3,1,0,4,1,1,1,5.00,0,0,0,0,0,76.15,10,2,10,0,1,0,13,0.02,1.77,82,0.73,20022.23,18,5,5,13,6,116.98,59,89,11.00,1,1,116.74,0.00,0.00,0.22,2,41.00,4,2200.40,0,11,5,java.lang.Object,0.00,0,0,23,0,0,2,0,14,490,1,5,288,2.17,2.99,149743.43,1776,8968.80,108.87,159,332,11,78,30,0.83,0.17,1,36,108.64,0.00,13,5
net.objecthunter.exp4j,ExpressionBuilder,variables,1,5,3,21,15,468.83,0.03,3,1,0,4,1,1,1,5.71,0,0,0,0,0,82.04,10,2,11,0,1,0,13,0.02,1.77,82,0.73,20022.23,18,5,5,13,6,116.98,59,89,11.00,1,1,116.74,0.00,0.00,0.22,2,41.00,4,2200.40,0,11,5,java.lang.Object,0.00,0,0,23,0,0,2,0,14,490,1,5,288,2.17,2.99,149743.43,1776,8968.80,108.87,159,332,11,78,30,0.83,0.17,1,36,108.64,0.00,13,5
net.objecthunter.exp4j.function,Function,Function,1,5,2,11,9,83.69,0.01,1,0,1,3,1,1,1,2.40,0,0,0,0,0,34.87,6,1,5,0,0,0,7,0.42,2.29,49,0.41,17527.52,9,2,0,7,6,94.65,37,56,17.00,6,1,112.52,0.00,0.00,0.14,1,17.00,6,1229.94,1,5,0,java.lang.Object,0.00,0,0,16,0,0,2,0,7,268,2,25,224,2.13,1.99,60237.77,1221,5982.33,153.29,75,285,101,66,11,0.20,0.76,4,31,113.41,0.04,24,1
net.objecthunter.exp4j.function,Function,Function,3,6,7,53,25,2612.70,0.08,2,1,1,11,1,2,1,10.62,0,0,0,0,2,246.12,23,8,30,1,11,0,7,0.42,2.29,49,0.41,17527.52,9,2,0,7,6,94.65,37,56,17.00,6,1,112.52,0.00,0.00,0.14,1,17.00,6,1229.94,1,5,0,java.lang.Object,0.00,0,0,16,0,0,2,0,7,268,2,25,224,2.13,1.99,60237.77,1221,5982.33,153.29,75,285,101,66,11,0.20,0.76,4,31,113.41,0.04,24,1
net.objecthunter.exp4j.function,Function,apply,1,6,1,9,8,90.00,0.01,0,0,0,1,1,1,2,3.33,0,0,0,0,0,27.00,4,0,5,0,0,0,7,0.42,2.29,49,0.41,17527.52,9,2,0,7,6,94.65,37,56,17.00,6,1,112.52,0.00,0.00,0.14,1,17.00,6,1229.94,1,5,0,java.lang.Object,0.00,0,0,16,0,0,2,0,7,268,2,25,224,2.13,1.99,60237.77,1221,5982.33,153.29,75,285,101,66,11,0.20,0.76,4,31,113.41,0.04,24,1
net.objecthunter.exp4j.function,Function,getAllowedFunctionCharacters,3,7,15,76,25,5375.44,0.12,0,0,0,12,1,0,2,15.23,4,0,0,2,2,352.93,33,13,43,1,17,2,7,0.42,2.29,49,0.41,17527.52,9,2,0,7,6,94.65,37,56,17.00,6,1,112.52,0.00,0.00,0.14,1,17.00,6,1229.94,1,5,0,java.lang.Object,0.00,0,0,16,0,0,2,0,7,268,2,25,224,2.13,1.99,60237.77,1221,5982.33,153.29,75,285,101,66,11,0.20,0.76,4,31,113.41,0.04,24,1
net.objecthunter.exp4j.function,Function,getName,1,5,2,8,8,60.00,0.01,1,0,0,3,1,0,1,2.50,0,0,0,0,0,24.00,3,1,5,0,0,0,7,0.42,2.29,49,0.41,17527.52,9,2,0,7,6,94.65,37,56,17.00,6,1,112.52,0.00,0.00,0.14,1,17.00,6,1229.94,1,5,0,java.lang.Object,0.00,0,0,16,0,0,2,0,7,268,2,25,224,2.13,1.99,60237.77,1221,5982.33,153.29,75,285,101,66,11,0.20,0.76,4,31,113.41,0.04,24,1
net.objecthunter.exp4j.function,Function,getNumArguments,1,5,2,8,8,60.00,0.01,0,0,0,3,1,0,1,2.50,0,0,0,0,0,24.00,3,1,5,0,0,0,7,0.42,2.29,49,0.41,17527.52,9,2,0,7,6,94.65,37,56,17.00,6,1,112.52,0.00,0.00,0.14,1,17.00,6,1229.94,1,5,0,java.lang.Object,0.00,0,0,16,0,0,2,0,7,268,2,25,224,2.13,1.99,60237.77,1221,5982.33,153.29,75,285,101,66,11,0.20,0.76,4,31,113.41,0.04,24,1
net.objecthunter.exp4j.function,Function,isValidFunctionName,6,0,17,95,38,9223.23,0.17,2,4,0,19,0,1,2,18.50,3,0,0,0,5,498.55,37,12,58,2,14,1,7,0.42,2.29,49,0.41,17527.52,9,2,0,7,6,94.65,37,56,17.00,6,1,112.52,0.00,0.00,0.14,1,17.00,6,1229.94,1,5,0,java.lang.Object,0.00,0,0,16,0,0,2,0,7,268,2,25,224,2.13,1.99,60237.77,1221,5982.33,153.29,75,285,101,66,11,0.20,0.76,4,31,113.41,0.04,24,1
net.objecthunter.exp4j.function,Functions$Function,apply,1,0,2,19,16,439.71,0.03,1,1,0,3,0,1,2,5.79,0,0,0,0,0,76.00,9,1,10,0,2,0,1,0.00,1.00,3,0.03,439.71,1,0,0,1,0,132.39,0,6,2.00,0,1,132.39,0.00,0.00,0.00,0,1.00,1,76.00,0,1,0,java.lang.Object,0.00,0,0,1,0,0,0,0,0,19,2,25,224,2.13,1.99,60237.77,1221,5982.33,153.29,75,285,101,66,11,0.20,0.76,4,31,113.41,0.04,24,1
net.objecthunter.exp4j.function,Functions$Function_0,apply,1,0,2,19,16,439.71,0.03,1,1,0,3,0,1,2,5.79,0,0,0,0,0,76.00,9,1,10,0,2,0,1,0.00,1.00,3,0.03,439.71,1,0,0,1,0,132.39,0,6,2.00,0,1,132.39,0.00,0.00,0.00,0,1.00,1,76.00,0,1,0,java.lang.Object,0.00,0,0,1,0,0,0,0,0,19,2,25,224,2.13,1.99,60237.77,1221,5982.33,153.29,75,285,101,66,11,0.20,0.76,4,31,113.41,0.04,24,1
net.objecthunter.exp4j.function,Functions$Function_1,apply,1,0,2,19,16,439.71,0.03,1,1,0,3,0,1,2,5.79,0,0,0,0,0,76.00,9,1,10,0,2,0,1,0.00,1.00,3,0.03,439.71,1,0,0,1,0,132.39,0,6,2.00,0,1,132.39,0.00,0.00,0.00,0,1.00,1,76.00,0,1,0,java.lang.Object,0.00,0,0,1,0,0,0,0,0,19,2,25,224,2.13,1.99,60237.77,1221,5982.33,153.29,75,285,101,66,11,0.20,0.76,4,31,113.41,0.04,24,1
net.objecthunter.exp4j.function,Functions$Function_10,apply,1,0,2,19,16,439.71,0.03,1,1,0,3,0,1,2,5.79,0,0,0,0,0,76.00,9,1,10,0,2,0,1,0.00,1.00,3,0.03,439.71,1,0,0,1,0,132.39,0,6,2.00,0,1,132.39,0.00,0.00,0.00,0,1.00,1,76.00,0,1,0,java.lang.Object,0.00,0,0,1,0,0,0,0,0,19,2,25,224,2.13,1.99,60237.77,1221,5982.33,153.29,75,285,101,66,11,0.20,0.76,4,31,113.41,0.04,24,1
net.objecthunter.exp4j.function,Functions$Function_11,apply,1,0,2,19,16,439.71,0.03,1,1,0,3,0,1,2,5.79,0,0,0,0,0,76.00,9,1,10,0,2,0,1,0.00,1.00,3,0.03,439.71,1,0,0,1,0,132.39,0,6,2.00,0,1,132.39,0.00,0.00,0.00,0,1.00,1,76.00,0,1,0,java.lang.Object,0.00,0,0,1,0,0,0,0,0,19,2,25,224,2.13,1.99,60237.77,1221,5982.33,153.29,75,285,101,66,11,0.20,0.76,4,31,113.41,0.04,24,1
net.objecthunter.exp4j.function,Functions$Function_12,apply,1,0,2,19,16,439.71,0.03,1,1,0,3,0,1,2,5.79,0,0,0,0,0,76.00,9,1,10,0,2,0,1,0.00,1.00,3,0.03,439.71,1,0,0,1,0,132.39,0,6,2.00,0,1,132.39,0.00,0.00,0.00,0,1.00,1,76.00,0,1,0,java.lang.Object,0.00,0,0,1,0,0,0,0,0,19,2,25,224,2.13,1.99,60237.77,1221,5982.33,153.29,75,285,101,66,11,0.20,0.76,4,31,113.41,0.04,24,1
net.objecthunter.exp4j.function,Functions$Function_13,apply,1,0,2,19,16,439.71,0.03,1,1,0,3,0,1,2,5.79,0,0,0,0,0,76.00,9,1,10,0,2,0,1,0.00,1.00,3,0.03,439.71,1,0,0,1,0,132.39,0,6,2.00,0,1,132.39,0.00,0.00,0.00,0,1.00,1,76.00,0,1,0,java.lang.Object,0.00,0,0,1,0,0,0,0,0,19,2,25,224,2.13,1.99,60237.77,1221,5982.33,153.29,75,285,101,66,11,0.20,0.76,4,31,113.41,0.04,24,1
net.objecthunter.exp4j.function,Functions$Function_14,apply,1,0,2,19,16,439.71,0.03,1,1,0,3,0,1,2,5.79,0,0,0,0,0,76.00,9,1,10,0,2,0,1,0.00,1.00,3,0.03,439.71,1,0,0,1,0,132.39,0,6,2.00,0,1,132.39,0.00,0.00,0.00,0,1.00,1,76.00,0,1,0,java.lang.Object,0.00,0,0,1,0,0,0,0,0,19,2,25,224,2.13,1.99,60237.77,1221,5982.33,153.29,75,285,101,66,11,0.20,0.76,4,31,113.41,0.04,24,1
net.objecthunter.exp4j.function,Functions$Function_15,apply,1,0,2,19,16,439.71,0.03,1,1,0,3,0,1,2,5.79,0,0,0,0,0,76.00,9,1,10,0,2,0,1,0.00,1.00,3,0.03,439.71,1,0,0,1,0,132.39,0,6,2.00,0,1,132.39,0.00,0.00,0.00,0,1.00,1,76.00,0,1,0,java.lang.Object,0.00,0,0,1,0,0,0,0,0,19,2,25,224,2.13,1.99,60237.77,1221,5982.33,153.29,75,285,101,66,11,0.20,0.76,4,31,113.41,0.04,24,1
net.objecthunter.exp4j.function,Functions$Function_16,apply,1,0,2,19,16,439.71,0.03,1,1,0,3,0,1,2,5.79,0,0,0,0,0,76.00,9,1,10,0,2,0,1,0.00,1.00,3,0.03,439.71,1,0,0,1,0,132.39,0,6,2.00,0,1,132.39,0.00,0.00,0.00,0,1.00,1,76.00,0,1,0,java.lang.Object,0.00,0,0,1,0,0,0,0,0,19,2,25,224,2.13,1.99,60237.77,1221,5982.33,153.29,75,285,101,66,11,0.20,0.76,4,31,113.41,0.04,24,1
net.objecthunter.exp4j.function,Functions$Function_17,apply,1,0,2,19,16,439.71,0.03,1,1,0,3,0,1,2,5.79,0,0,0,0,0,76.00,9,1,10,0,2,0,1,0.00,1.00,3,0.03,439.71,1,0,0,1,0,132.39,0,6,2.00,0,1,132.39,0.00,0.00,0.00,0,1.00,1,76.00,0,1,0,java.lang.Object,0.00,0,0,1,0,0,0,0,0,19,2,25,224,2.13,1.99,60237.77,1221,5982.33,153.29,75,285,101,66,11,0.20,0.76,4,31,113.41,0.04,24,1
net.objecthunter.exp4j.function,Functions$Function_18,apply,1,0,2,22,17,556.41,0.03,1,1,0,3,0,1,2,6.19,0,0,0,0,0,89.92,11,2,11,0,3,0,1,0.00,1.00,3,0.03,556.41,1,0,0,1,0,131.58,0,6,2.00,0,1,131.58,0.00,0.00,0.00,0,1.00,1,89.92,0,1,0,java.lang.Object,0.00,0,0,1,0,0,0,0,0,22,2,25,224,2.13,1.99,60237.77,1221,5982.33,153.29,75,285,101,66,11,0.20,0.76,4,31,113.41,0.04,24,1
net.objecthunter.exp4j.function,Functions$Function_19,apply,1,0,2,19,16,439.71,0.03,1,1,0,3,0,1,2,5.79,0,0,0,0,0,76.00,9,1,10,0,2,0,1,0.00,1.00,3,0.03,439.71,1,0,0,1,0,132.39,0,6,2.00,0,1,132.39,0.00,0.00,0.00,0,1.00,1,76.00,0,1,0,java.lang.Object,0.00,0,0,1,0,0,0,0,0,19,2,25,224,2.13,1.99,60237.77,1221,5982.33,153.29,75,285,101,66,11,0.20,0.76,4,31,113.41,0.04,24,1
net.objecthunter.exp4j.function,Functions$Function_2,apply,2,0,5,44,26,2820.26,0.07,2,2,0,7,0,1,2,13.64,1,0,0,0,1,206.82,20,3,24,1,8,0,1,0.00,2.00,6,0.07,2820.26,1,0,0,1,0,114.64,0,10,5.00,0,1,114.64,0.00,0.00,0.00,0,1.00,2,206.82,0,1,0,java.lang.Object,0.00,0,0,2,0,0,0,0,0,44,2,25,224,2.13,1.99,60237.77,1221,5982.33,153.29,75,285,101,66,11,0.20,0.76,4,31,113.41,0.04,24,1
net.objecthunter.exp4j.function,Functions$Function_20,apply,1,0,2,19,16,439.71,0.03,1,1,0,3,0,1,2,5.79,0,0,0,0,0,76.00,9,1,10,0,2,0,1,0.00,1.00,3,0.03,439.71,1,0,0,1,0,132.39,0,6,2.00,0,1,132.39,0.00,0.00,0.00,0,1.00,1,76.00,0,1,0,java.lang.Object,0.00,0,0,1,0,0,0,0,0,19,2,25,224,2.13,1.99,60237.77,1221,5982.33,153.29,75,285,101,66,11,0.20,0.76,4,31,113.41,0.04,24,1
net.objecthunter.exp4j.function,Functions$Function_21,apply,3,0,6,39,19,2512.65,0.06,0,0,0,9,0,1,2,15.17,0,0,0,0,3,165.67,14,2,25,1,5,0,1,0.00,3.00,7,0.06,2512.65,1,0,0,1,0,112.45,0,12,0.00,0,1,112.45,0.00,0.00,0.00,0,1.00,3,165.67,0,1,0,java.lang.Object,0.00,0,0,3,0,0,0,0,0,39,2,25,224,2.13,1.99,60237.77,1221,5982.33,153.29,75,285,101,66,11,0.20,0.76,4,31,113.41,0.04,24,1
net.objecthunter.exp4j.function,Functions$Function_3,apply,1,0,2,19,16,439.71,0.03,1,1,0,3,0,1,2,5.79,0,0,0,0,0,76.00,9,1,10,0,2,0,1,0.00,1.00,3,0.03,439.71,1,0,0,1,0,132.39,0,6,2.00,0,1,132.39,0.00,0.00,0.00,0,1.00,1,76.00,0,1,0,java.lang.Object,0.00,0,0,1,0,0,0,0,0,19,2,25,224,2.13,1.99,60237.77,1221,5982.33,153.29,75,285,101,66,11,0.20,0.76,4,31,113.41,0.04,24,1
net.objecthunter.exp4j.function,Functions$Function_4,apply,1,0,2,25,18,781.86,0.03,1,1,0,3,0,1,2,7.50,0,0,0,0,0,104.25,12,1,13,0,4,0,1,0.00,1.00,3,0.03,781.86,1,0,0,1,0,130.42,0,6,3.00,0,1,130.42,0.00,0.00,0.00,0,1.00,1,104.25,0,1,0,java.lang.Object,0.00,0,0,1,0,0,0,0,0,25,2,25,224,2.13,1.99,60237.77,1221,5982.33,153.29,75,285,101,66,11,0.20,0.76,4,31,113.41,0.04,24,1
net.objecthunter.exp4j.function,Functions$Function_5,apply,1,0,2,19,16,439.71,0.03,1,1,0,3,0,1,2,5.79,0,0,0,0,0,76.00,9,1,10,0,2,0,1,0.00,1.00,3,0.03,439.71,1,0,0,1,0,132.39,0,6,2.00,0,1,132.39,0.00,0.00,0.00,0,1.00,1,76.00,0,1,0,java.lang.Object,0.00,0,0,1,0,0,0,0,0,19,2,25,224,2.13,1.99,60237.77,1221,5982.33,153.29,75,285,101,66,11,0.20,0.76,4,31,113.41,0.04,24,1
net.objecthunter.exp4j.function,Functions$Function_6,apply,1,0,2,19,16,439.71,0.03,1,1,0,3,0,1,2,5.79,0,0,0,0,0,76.00,9,1,10,0,2,0,1,0.00,1.00,3,0.03,439.71,1,0,0,1,0,132.39,0,6,2.00,0,1,132.39,0.00,0.00,0.00,0,1.00,1,76.00,0,1,0,java.lang.Object,0.00,0,0,1,0,0,0,0,0,19,2,25,224,2.13,1.99,60237.77,1221,5982.33,153.29,75,285,101,66,11,0.20,0.76,4,31,113.41,0.04,24,1
net.objecthunter.exp4j.function,Functions$Function_7,apply,1,0,2,19,16,439.71,0.03,1,1,0,3,0,1,2,5.79,0,0,0,0,0,76.00,9,1,10,0,2,0,1,0.00,1.00,3,0.03,439.71,1,0,0,1,0,132.39,0,6,2.00,0,1,132.39,0.00,0.00,0.00,0,1.00,1,76.00,0,1,0,java.lang.Object,0.00,0,0,1,0,0,0,0,0,19,2,25,224,2.13,1.99,60237.77,1221,5982.33,153.29,75,285,101,66,11,0.20,0.76,4,31,113.41,0.04,24,1
net.objecthunter.exp4j.function,Functions$Function_8,apply,1,0,2,19,16,439.71,0.03,1,1,0,3,0,1,2,5.79,0,0,0,0,0,76.00,9,1,10,0,2,0,1,0.00,1.00,3,0.03,439.71,1,0,0,1,0,132.39,0,6,2.00,0,1,132.39,0.00,0.00,0.00,0,1.00,1,76.00,0,1,0,java.lang.Object,0.00,0,0,1,0,0,0,0,0,19,2,25,224,2.13,1.99,60237.77,1221,5982.33,153.29,75,285,101,66,11,0.20,0.76,4,31,113.41,0.04,24,1
net.objecthunter.exp4j.function,Functions$Function_9,apply,1,0,2,19,16,439.71,0.03,1,1,0,3,0,1,2,5.79,0,0,0,0,0,76.00,9,1,10,0,2,0,1,0.00,1.00,3,0.03,439.71,1,0,0,1,0,132.39,0,6,2.00,0,1,132.39,0.00,0.00,0.00,0,1.00,1,76.00,0,1,0,java.lang.Object,0.00,0,0,1,0,0,0,0,0,19,2,25,224,2.13,1.99,60237.77,1221,5982.33,153.29,75,285,101,66,11,0.20,0.76,4,31,113.41,0.04,24,1
net.objecthunter.exp4j.function,Functions,getBuiltinFunction,24,5,48,335,64,25030.19,0.67,2,1,0,51,1,1,2,12.45,0,0,0,0,24,2010.00,120,69,215,1,46,0,1,0.00,24.00,97,0.91,27684.49,25,24,0,2,4,13.07,8,79,101.00,3,1,61.18,0.00,0.00,1.00,0,0.00,24,2741.73,0,1,1,java.lang.Object,0.00,1,0,24,0,1,0,0,2,462,1,25,224,2.13,1.99,60237.77,1221,5982.33,153.29,75,285,101,66,11,0.20,0.76,4,31,113.41,0.04,24,1
net.objecthunter.exp4j.operator,Operator,Operator,1,7,6,39,17,956.47,0.05,1,0,0,8,1,4,1,6.00,0,0,0,0,0,159.41,22,8,17,0,5,0,7,0.01,1.29,37,0.27,3479.47,20,13,0,7,14,73.64,63,44,1.00,14,1,123.64,0.00,0.00,0.07,0,33.00,3,823.36,0,6,0,java.lang.Object,0.00,0,0,9,0,0,1,0,8,185,2,10,106,1.44,0.77,16031.81,515,2323.62,100.39,93,139,1,23,10,0.20,0.60,4,16,118.26,0.20,4,1
net.objecthunter.exp4j.operator,Operator,apply,1,5,1,9,8,90.00,0.01,0,0,0,1,1,1,2,3.33,0,0,0,0,0,27.00,4,0,5,0,0,0,7,0.01,1.29,37,0.27,3479.47,20,13,0,7,14,73.64,63,44,1.00,14,1,123.64,0.00,0.00,0.07,0,33.00,3,823.36,0,6,0,java.lang.Object,0.00,0,0,9,0,0,1,0,8,185,2,10,106,1.44,0.77,16031.81,515,2323.62,100.39,93,139,1,23,10,0.20,0.60,4,16,118.26,0.20,4,1
net.objecthunter.exp4j.operator,Operator,getNumOperands,1,4,2,8,8,60.00,0.01,0,0,0,3,1,0,1,2.50,0,0,0,0,0,24.00,3,1,5,0,0,0,7,0.01,1.29,37,0.27,3479.47,20,13,0,7,14,73.64,63,44,1.00,14,1,123.64,0.00,0.00,0.07,0,33.00,3,823.36,0,6,0,java.lang.Object,0.00,0,0,9,0,0,1,0,8,185,2,10,106,1.44,0.77,16031.81,515,2323.62,100.39,93,139,1,23,10,0.20,0.60,4,16,118.26,0.20,4,1
net.objecthunter.exp4j.operator,Operator,getPrecedence,1,4,2,8,8,60.00,0.01,0,0,0,3,1,0,1,2.50,0,0,0,0,0,24.00,3,1,5,0,0,0,7,0.01,1.29,37,0.27,3479.47,20,13,0,7,14,73.64,63,44,1.00,14,1,123.64,0.00,0.00,0.07,0,33.00,3,823.36,0,6,0,java.lang.Object,0.00,0,0,9,0,0,1,0,8,185,2,10,106,1.44,0.77,16031.81,515,2323.62,100.39,93,139,1,23,10,0.20,0.60,4,16,118.26,0.20,4,1
net.objecthunter.exp4j.operator,Operator,getSymbol,1,4,2,8,8,60.00,0.01,1,0,0,3,1,0,1,2.50,0,0,0,0,0,24.00,3,1,5,0,0,0,7,0.01,1.29,37,0.27,3479.47,20,13,0,7,14,73.64,63,44,1.00,14,1,123.64,0.00,0.00,0.07,0,33.00,3,823.36,0,6,0,java.lang.Object,0.00,0,0,9,0,0,1,0,8,185,2,10,106,1.44,0.77,16031.81,515,2323.62,100.39,93,139,1,23,10,0.20,0.60,4,16,118.26,0.20,4,1
net.objecthunter.exp4j.operator,Operator,isAllowedOperatorChar,3,5,8,27,18,774.04,0.04,0,0,0,8,1,1,2,6.88,0,0,0,0,2,112.59,11,3,16,2,1,1,7,0.01,1.29,37,0.27,3479.47,20,13,0,7,14,73.64,63,44,1.00,14,1,123.64,0.00,0.00,0.07,0,33.00,3,823.36,0,6,0,java.lang.Object,0.00,0,0,9,0,0,1,0,8,185,2,10,106,1.44,0.77,16031.81,515,2323.62,100.39,93,139,1,23,10,0.20,0.60,4,16,118.26,0.20,4,1
net.objecthunter.exp4j.operator,Operator,isLeftAssociative,1,4,2,8,8,60.00,0.01,0,0,0,3,1,0,1,2.50,0,0,0,0,0,24.00,3,1,5,0,0,0,7,0.01,1.29,37,0.27,3479.47,20,13,0,7,14,73.64,63,44,1.00,14,1,123.64,0.00,0.00,0.07,0,33.00,3,823.36,0,6,0,java.lang.Object,0.00,0,0,9,0,0,1,0,8,185,2,10,106,1.44,0.77,16031.81,515,2323.62,100.39,93,139,1,23,10,0.20,0.60,4,16,118.26,0.20,4,1
net.objecthunter.exp4j.operator,Operators$Operator,apply,1,0,2,20,16,600.00,0.03,0,0,0,3,0,1,2,7.50,0,0,0,0,0,80.00,9,2,11,0,3,0,1,0.00,1.00,3,0.03,600.00,1,0,0,1,1,131.32,0,6,0.00,0,1,131.32,0.00,0.00,0.00,0,1.00,1,80.00,0,1,1,java.lang.Object,0.00,0,0,1,0,0,0,0,0,20,2,10,106,1.44,0.77,16031.81,515,2323.62,100.39,93,139,1,23,10,0.20,0.60,4,16,118.26,0.20,4,1
net.objecthunter.exp4j.operator,Operators$Operator_0,apply,1,0,2,20,16,600.00,0.03,0,0,0,3,0,1,2,7.50,0,0,0,0,0,80.00,9,2,11,0,3,0,1,0.00,1.00,3,0.03,600.00,1,0,0,1,1,131.32,0,6,0.00,0,1,131.32,0.00,0.00,0.00,0,1.00,1,80.00,0,1,1,java.lang.Object,0.00,0,0,1,0,0,0,0,0,20,2,10,106,1.44,0.77,16031.81,515,2323.62,100.39,93,139,1,23,10,0.20,0.60,4,16,118.26,0.20,4,1
net.objecthunter.exp4j.operator,Operators$Operator_1,apply,1,0,2,17,15,464.92,0.02,0,0,0,3,0,1,2,7.00,0,0,0,0,0,66.42,7,1,10,0,2,0,1,0.00,1.00,3,0.02,464.92,1,0,0,1,1,132.20,0,6,0.00,0,1,132.20,0.00,0.00,0.00,0,1.00,1,66.42,0,1,1,java.lang.Object,0.00,0,0,1,0,0,0,0,0,17,2,10,106,1.44,0.77,16031.81,515,2323.62,100.39,93,139,1,23,10,0.20,0.60,4,16,118.26,0.20,4,1
net.objecthunter.exp4j.operator,Operators$Operator_2,apply,1,0,2,16,14,383.78,0.02,0,0,0,3,0,1,2,6.30,0,0,0,0,0,60.92,7,1,9,0,1,0,1,0.00,1.00,3,0.02,383.78,1,0,0,1,1,132.85,0,6,0.00,0,1,132.85,0.00,0.00,0.00,0,1.00,1,60.92,0,1,1,java.lang.Object,0.00,0,0,1,0,0,0,0,0,16,2,10,106,1.44,0.77,16031.81,515,2323.62,100.39,93,139,1,23,10,0.20,0.60,4,16,118.26,0.20,4,1
net.objecthunter.exp4j.operator,Operators$Operator_3,apply,1,0,2,20,16,600.00,0.03,0,0,0,3,0,1,2,7.50,0,0,0,0,0,80.00,9,2,11,0,3,0,1,0.00,1.00,3,0.03,600.00,1,0,0,1,1,131.32,0,6,0.00,0,1,131.32,0.00,0.00,0.00,0,1.00,1,80.00,0,1,1,java.lang.Object,0.00,0,0,1,0,0,0,0,0,20,2,10,106,1.44,0.77,16031.81,515,2323.62,100.39,93,139,1,23,10,0.20,0.60,4,16,118.26,0.20,4,1
net.objecthunter.exp4j.operator,Operators$Operator_4,apply,2,0,4,34,23,1674.72,0.05,1,1,0,6,0,1,2,10.89,0,0,0,0,1,153.80,14,3,20,1,6,0,1,0.00,2.00,5,0.05,1674.72,1,0,0,1,1,119.38,0,9,2.00,0,1,119.38,0.00,0.00,0.00,0,1.00,2,153.80,0,1,1,java.lang.Object,0.00,0,0,2,0,0,0,0,0,34,2,10,106,1.44,0.77,16031.81,515,2323.62,100.39,93,139,1,23,10,0.20,0.60,4,16,118.26,0.20,4,1
net.objecthunter.exp4j.operator,Operators$Operator_5,apply,1,0,2,23,18,659.37,0.03,1,1,0,3,0,1,2,6.88,0,0,0,0,0,95.91,11,2,12,0,3,0,1,0.00,1.00,3,0.03,659.37,1,0,0,1,1,131.00,0,6,2.00,0,1,131.00,0.00,0.00,0.00,0,1.00,1,95.91,0,1,1,java.lang.Object,0.00,0,0,1,0,0,0,0,0,23,2,10,106,1.44,0.77,16031.81,515,2323.62,100.39,93,139,1,23,10,0.20,0.60,4,16,118.26,0.20,4,1
net.objecthunter.exp4j.operator,Operators$Operator_6,apply,2,0,4,34,23,1674.72,0.05,1,1,0,6,0,1,2,10.89,0,0,0,0,1,153.80,14,3,20,1,6,0,1,0.00,2.00,5,0.05,1674.72,1,0,0,1,1,119.38,0,9,2.00,0,1,119.38,0.00,0.00,0.00,0,1.00,2,153.80,0,1,1,java.lang.Object,0.00,0,0,2,0,0,0,0,0,34,2,10,106,1.44,0.77,16031.81,515,2323.62,100.39,93,139,1,23,10,0.20,0.60,4,16,118.26,0.20,4,1
net.objecthunter.exp4j.operator,Operators,getBuiltinOperator,4,0,20,94,37,5067.21,0.16,1,0,0,26,0,2,2,10.35,0,0,0,0,4,489.69,34,19,60,1,10,0,1,0.00,4.00,39,0.24,5894.83,10,9,0,2,2,81.64,0,39,1.00,1,1,81.64,0.00,0.00,1.00,0,0.00,4,729.41,0,1,1,java.lang.Object,0.00,1,0,4,0,1,0,0,0,146,2,10,106,1.44,0.77,16031.81,515,2323.62,100.39,93,139,1,23,10,0.20,0.60,4,16,118.26,0.20,4,1
net.objecthunter.exp4j.shuntingyard,ShuntingYard,convertToRPN,12,8,49,470,80,136988.43,0.99,12,22,0,64,1,5,2,46.10,7,0,0,3,12,2971.31,181,65,289,3,92,5,1,0.00,12.00,50,0.99,136989.43,1,0,6,1,6,22.48,11,66,101.00,1,1,66.60,0.00,0.00,0.00,0,1.00,12,2973.31,0,1,5,java.lang.Object,0.00,0,0,12,0,0,0,0,2,472,1,1,57,12.00,0.99,136989.43,472,2973.31,113.97,26,73,101,12,3,0.75,0.25,1,1,64.48,0.00,12,3
net.objecthunter.exp4j.tokenizer,ArgumentSeparatorToken,ArgumentSeparatorToken,1,6,2,9,8,54.00,0.01,1,0,0,3,2,0,0,2.00,0,0,0,0,0,27.00,4,1,5,0,1,0,1,0.00,1.00,3,0.01,62.00,1,0,0,1,2,106.87,6,5,0.00,1,2,139.09,0.00,0.50,0.00,0,0.00,1,35.00,0,0,1,net.objecthunter.exp4j.tokenizer.Token,0.00,0,1,1,0,0,1,0,3,13,0,10,256,1.89,2.93,165859.48,1797,8783.49,95.29,206,356,5,72,35,0.50,0.40,3,38,113.16,0.10,13,3
net.objecthunter.exp4j.tokenizer,CloseParenthesesToken,CloseParenthesesToken,1,6,2,9,8,54.00,0.01,1,0,0,3,2,0,0,2.00,0,0,0,0,0,27.00,4,1,5,0,1,0,1,0.00,1.00,3,0.01,62.00,1,0,0,1,2,106.87,6,5,0.00,1,2,139.09,0.00,0.50,0.00,0,0.00,1,35.00,0,0,1,net.objecthunter.exp4j.tokenizer.Token,0.00,0,1,1,0,0,1,0,3,13,0,10,256,1.89,2.93,165859.48,1797,8783.49,95.29,206,356,5,72,35,0.50,0.40,3,38,113.16,0.10,13,3
net.objecthunter.exp4j.tokenizer,FunctionToken,FunctionToken,1,0,3,19,14,325.53,0.02,2,0,0,4,0,1,1,4.50,0,0,0,0,0,72.34,9,3,10,0,2,0,2,1.00,1.00,7,0.04,415.01,3,1,1,2,4,134.96,0,10,0.00,2,2,134.96,0.00,0.50,0.50,0,2.00,1,115.99,0,1,2,net.objecthunter.exp4j.tokenizer.Token,0.00,0,1,2,0,0,1,0,0,34,1,10,256,1.89,2.93,165859.48,1797,8783.49,95.29,206,356,5,72,35,0.50,0.40,3,38,113.16,0.10,13,3
net.objecthunter.exp4j.tokenizer,FunctionToken,getFunction,1,0,2,8,8,60.00,0.01,1,0,0,3,0,0,1,2.50,0,0,0,0,0,24.00,3,1,5,0,0,0,2,1.00,1.00,7,0.04,415.01,3,1,1,2,4,134.96,0,10,0.00,2,2,134.96,0.00,0.50,0.50,0,2.00,1,115.99,0,1,2,net.objecthunter.exp4j.tokenizer.Token,0.00,0,1,2,0,0,1,0,0,34,1,10,256,1.89,2.93,165859.48,1797,8783.49,95.29,206,356,5,72,35,0.50,0.40,3,38,113.16,0.10,13,3
net.objecthunter.exp4j.tokenizer,NumberToken,NumberToken,1,0,2,27,17,451.48,0.04,2,2,1,3,0,3,0,4.09,0,0,0,0,0,110.36,15,3,12,0,3,0,3,1.00,1.00,9,0.07,770.39,4,1,0,3,3,154.84,11,13,0.00,2,2,134.23,0.00,0.50,0.33,0,5.00,1,211.37,1,1,1,net.objecthunter.exp4j.tokenizer.Token,0.00,0,1,3,0,0,2,0,3,58,2,10,256,1.89,2.93,165859.48,1797,8783.49,95.29,206,356,5,72,35,0.50,0.40,3,38,113.16,0.10,13,3
net.objecthunter.exp4j.tokenizer,NumberToken,NumberToken,1,4,3,16,12,229.44,0.02,0,0,0,4,1,1,1,4.00,0,0,0,0,0,57.36,8,3,8,0,2,0,3,1.00,1.00,9,0.07,770.39,4,1,0,3,3,154.84,11,13,0.00,2,2,134.23,0.00,0.50,0.33,0,5.00,1,211.37,1,1,1,net.objecthunter.exp4j.tokenizer.Token,0.00,0,1,3,0,0,2,0,3,58,2,10,256,1.89,2.93,165859.48,1797,8783.49,95.29,206,356,5,72,35,0.50,0.40,3,38,113.16,0.10,13,3
net.objecthunter.exp4j.tokenizer,NumberToken,getValue,1,4,2,8,8,60.00,0.01,0,0,0,3,1,0,1,2.50,0,0,0,0,0,24.00,3,1,5,0,0,0,3,1.00,1.00,9,0.07,770.39,4,1,0,3,3,154.84,11,13,0.00,2,2,134.23,0.00,0.50,0.33,0,5.00,1,211.37,1,1,1,net.objecthunter.exp4j.tokenizer.Token,0.00,0,1,3,0,0,2,0,3,58,2,10,256,1.89,2.93,165859.48,1797,8783.49,95.29,206,356,5,72,35,0.50,0.40,3,38,113.16,0.10,13,3
net.objecthunter.exp4j.tokenizer,OpenParenthesesToken,OpenParenthesesToken,1,0,2,7,6,27.14,0.01,0,0,0,3,0,0,0,1.50,0,0,0,0,0,18.09,3,1,4,0,1,0,1,0.00,1.00,3,0.01,35.14,1,0,0,1,2,141.03,0,5,0.00,1,2,141.03,0.00,0.50,0.00,0,0.00,1,26.09,0,0,1,net.objecthunter.exp4j.tokenizer.Token,0.00,0,1,1,0,0,1,0,0,11,0,10,256,1.89,2.93,165859.48,1797,8783.49,95.29,206,356,5,72,35,0.50,0.40,3,38,113.16,0.10,13,3
net.objecthunter.exp4j.tokenizer,OperatorToken,OperatorToken,2,4,5,30,21,778.64,0.04,3,1,0,7,1,1,1,5.91,0,0,0,0,1,131.77,13,4,17,1,4,0,2,0.00,1.50,9,0.06,868.12,3,1,1,2,5,109.81,11,13,0.00,3,2,127.68,0.00,0.50,1.00,0,0.00,2,175.42,0,1,2,net.objecthunter.exp4j.tokenizer.Token,0.00,0,1,3,0,0,1,0,3,45,1,10,256,1.89,2.93,165859.48,1797,8783.49,95.29,206,356,5,72,35,0.50,0.40,3,38,113.16,0.10,13,3
net.objecthunter.exp4j.tokenizer,OperatorToken,getOperator,1,4,2,8,8,60.00,0.01,1,0,0,3,1,0,1,2.50,0,0,0,0,0,24.00,3,1,5,0,0,0,2,0.00,1.50,9,0.06,868.12,3,1,1,2,5,109.81,11,13,0.00,3,2,127.68,0.00,0.50,1.00,0,0.00,2,175.42,0,1,2,net.objecthunter.exp4j.tokenizer.Token,0.00,0,1,3,0,0,1,0,3,45,1,10,256,1.89,2.93,165859.48,1797,8783.49,95.29,206,356,5,72,35,0.50,0.40,3,38,113.16,0.10,13,3
net.objecthunter.exp4j.tokenizer,Token,Token,1,0,2,11,9,130.76,0.01,0,0,0,3,0,1,0,3.75,0,0,0,0,0,34.87,6,2,5,0,1,0,2,0.12,1.00,13,0.08,542.14,10,8,0,2,10,172.81,3,16,0.00,10,1,122.81,7.00,0.00,0.06,0,2.00,1,234.56,0,1,0,java.lang.Object,0.00,0,0,2,7,0,1,0,1,59,2,10,256,1.89,2.93,165859.48,1797,8783.49,95.29,206,356,5,72,35,0.50,0.40,3,38,113.16,0.10,13,3
net.objecthunter.exp4j.tokenizer,Token,getType,1,0,2,8,8,60.00,0.01,0,0,0,3,0,0,1,2.50,0,0,0,0,0,24.00,3,1,5,0,0,0,2,0.12,1.00,13,0.08,542.14,10,8,0,2,10,172.81,3,16,0.00,10,1,122.81,7.00,0.00,0.06,0,2.00,1,234.56,0,1,0,java.lang.Object,0.00,0,0,2,7,0,1,0,1,59,2,10,256,1.89,2.93,165859.48,1797,8783.49,95.29,206,356,5,72,35,0.50,0.40,3,38,113.16,0.10,13,3
net.objecthunter.exp4j.tokenizer,Tokenizer,Tokenizer,1,0,7,72,26,3225.05,0.11,5,2,0,9,0,4,1,9.53,0,0,0,0,0,338.43,36,12,36,0,9,0,18,0.07,2.78,159,2.41,157539.25,26,8,6,18,14,106.03,6,227,38.00,1,1,106.03,0.00,0.00,0.19,14,86.00,13,7236.08,0,16,13,java.lang.Object,0.00,0,0,50,0,0,2,0,6,1381,1,10,256,1.89,2.93,165859.48,1797,8783.49,95.29,206,356,5,72,35,0.50,0.40,3,38,113.16,0.10,13,3
net.objecthunter.exp4j.tokenizer,Tokenizer,Tokenizer,1,0,7,75,26,3546.07,0.12,5,2,0,9,0,5,1,10.06,0,0,0,0,0,352.53,38,13,37,0,9,0,18,0.07,2.78,159,2.41,157539.25,26,8,6,18,14,106.03,6,227,38.00,1,1,106.03,0.00,0.00,0.19,14,86.00,13,7236.08,0,16,13,java.lang.Object,0.00,0,0,50,0,0,2,0,6,1381,1,10,256,1.89,2.93,165859.48,1797,8783.49,95.29,206,356,5,72,35,0.50,0.40,3,38,113.16,0.10,13,3
net.objecthunter.exp4j.tokenizer,Tokenizer,getFunction,3,0,7,47,21,2064.39,0.07,3,2,0,10,0,1,1,10.00,1,0,0,0,2,206.44,22,8,25,1,7,0,18,0.07,2.78,159,2.41,157539.25,26,8,6,18,14,106.03,6,227,38.00,1,1,106.03,0.00,0.00,0.19,14,86.00,13,7236.08,0,16,13,java.lang.Object,0.00,0,0,50,0,0,2,0,6,1381,1,10,256,1.89,2.93,165859.48,1797,8783.49,95.29,206,356,5,72,35,0.50,0.40,3,38,113.16,0.10,13,3
net.objecthunter.exp4j.tokenizer,Tokenizer,getOperator,7,0,17,150,44,13766.24,0.27,5,8,0,24,0,1,1,16.81,4,0,0,1,7,818.91,65,25,85,4,33,0,18,0.07,2.78,159,2.41,157539.25,26,8,6,18,14,106.03,6,227,38.00,1,1,106.03,0.00,0.00,0.19,14,86.00,13,7236.08,0,16,13,java.lang.Object,0.00,0,0,50,0,0,2,0,6,1381,1,10,256,1.89,2.93,165859.48,1797,8783.49,95.29,206,356,5,72,35,0.50,0.40,3,38,113.16,0.10,13,3
net.objecthunter.exp4j.tokenizer,Tokenizer,hasNext,1,0,2,14,13,181.32,0.02,0,0,0,3,0,0,1,3.50,0,0,0,0,0,51.81,6,3,8,0,2,0,18,0.07,2.78,159,2.41,157539.25,26,8,6,18,14,106.03,6,227,38.00,1,1,106.03,0.00,0.00,0.19,14,86.00,13,7236.08,0,16,13,java.lang.Object,0.00,0,0,50,0,0,2,0,6,1381,1,10,256,1.89,2.93,165859.48,1797,8783.49,95.29,206,356,5,72,35,0.50,0.40,3,38,113.16,0.10,13,3
net.objecthunter.exp4j.tokenizer,Tokenizer,isAlphabetic,1,0,2,15,13,226.65,0.02,1,1,0,3,0,1,2,4.08,0,0,0,0,0,55.51,7,1,8,0,1,0,18,0.07,2.78,159,2.41,157539.25,26,8,6,18,14,106.03,6,227,38.00,1,1,106.03,0.00,0.00,0.19,14,86.00,13,7236.08,0,16,13,java.lang.Object,0.00,0,0,50,0,0,2,0,6,1381,1,10,256,1.89,2.93,165859.48,1797,8783.49,95.29,206,356,5,72,35,0.50,0.40,3,38,113.16,0.10,13,3
net.objecthunter.exp4j.tokenizer,Tokenizer,isArgumentSeparator,1,0,2,12,11,149.45,0.01,0,0,0,3,0,1,1,3.60,0,0,0,0,0,41.51,6,1,6,0,1,0,18,0.07,2.78,159,2.41,157539.25,26,8,6,18,14,106.03,6,227,38.00,1,1,106.03,0.00,0.00,0.19,14,86.00,13,7236.08,0,16,13,java.lang.Object,0.00,0,0,50,0,0,2,0,6,1381,1,10,256,1.89,2.93,165859.48,1797,8783.49,95.29,206,356,5,72,35,0.50,0.40,3,38,113.16,0.10,13,3
net.objecthunter.exp4j.tokenizer,Tokenizer,isCloseParentheses,1,0,2,20,14,380.74,0.03,0,0,0,3,0,1,1,5.00,0,0,0,0,0,76.15,10,3,10,0,5,0,18,0.07,2.78,159,2.41,157539.25,26,8,6,18,14,106.03,6,227,38.00,1,1,106.03,0.00,0.00,0.19,14,86.00,13,7236.08,0,16,13,java.lang.Object,0.00,0,0,50,0,0,2,0,6,1381,1,10,256,1.89,2.93,165859.48,1797,8783.49,95.29,206,356,5,72,35,0.50,0.40,3,38,113.16,0.10,13,3
net.objecthunter.exp4j.tokenizer,Tokenizer,isEndOfExpression,1,0,2,14,13,211.54,0.02,0,0,0,3,0,1,1,4.08,0,0,0,0,0,51.81,7,2,7,0,1,0,18,0.07,2.78,159,2.41,157539.25,26,8,6,18,14,106.03,6,227,38.00,1,1,106.03,0.00,0.00,0.19,14,86.00,13,7236.08,0,16,13,java.lang.Object,0.00,0,0,50,0,0,2,0,6,1381,1,10,256,1.89,2.93,165859.48,1797,8783.49,95.29,206,356,5,72,35,0.50,0.40,3,38,113.16,0.10,13,3
net.objecthunter.exp4j.tokenizer,Tokenizer,isNumeric,1,0,2,41,22,1523.64,0.06,1,1,0,4,0,2,2,8.33,0,0,0,0,0,182.84,20,7,21,0,12,0,18,0.07,2.78,159,2.41,157539.25,26,8,6,18,14,106.03,6,227,38.00,1,1,106.03,0.00,0.00,0.19,14,86.00,13,7236.08,0,16,13,java.lang.Object,0.00,0,0,50,0,0,2,0,6,1381,1,10,256,1.89,2.93,165859.48,1797,8783.49,95.29,206,356,5,72,35,0.50,0.40,3,38,113.16,0.10,13,3
net.objecthunter.exp4j.tokenizer,Tokenizer,isOpenParentheses,1,0,2,20,14,380.74,0.03,0,0,0,3,0,1,1,5.00,0,0,0,0,0,76.15,10,3,10,0,5,0,18,0.07,2.78,159,2.41,157539.25,26,8,6,18,14,106.03,6,227,38.00,1,1,106.03,0.00,0.00,0.19,14,86.00,13,7236.08,0,16,13,java.lang.Object,0.00,0,0,50,0,0,2,0,6,1381,1,10,256,1.89,2.93,165859.48,1797,8783.49,95.29,206,356,5,72,35,0.50,0.40,3,38,113.16,0.10,13,3
net.objecthunter.exp4j.tokenizer,Tokenizer,isVariableOrFunctionCharacter,1,0,2,27,18,731.82,0.04,1,1,1,6,0,1,2,6.50,0,0,0,0,0,112.59,13,4,14,0,7,0,18,0.07,2.78,159,2.41,157539.25,26,8,6,18,14,106.03,6,227,38.00,1,1,106.03,0.00,0.00,0.19,14,86.00,13,7236.08,0,16,13,java.lang.Object,0.00,0,0,50,0,0,2,0,6,1381,1,10,256,1.89,2.93,165859.48,1797,8783.49,95.29,206,356,5,72,35,0.50,0.40,3,38,113.16,0.10,13,3
net.objecthunter.exp4j.tokenizer,Tokenizer,nextToken,13,4,29,343,63,62414.82,0.68,6,7,9,47,4,0,1,30.44,1,0,0,2,12,2050.21,141,61,202,3,90,1,18,0.07,2.78,159,2.41,157539.25,26,8,6,18,14,106.03,6,227,38.00,1,1,106.03,0.00,0.00,0.19,14,86.00,13,7236.08,0,16,13,java.lang.Object,0.00,0,0,50,0,0,2,0,6,1381,1,10,256,1.89,2.93,165859.48,1797,8783.49,95.29,206,356,5,72,35,0.50,0.40,3,38,113.16,0.10,13,3
net.objecthunter.exp4j.tokenizer,Tokenizer,parseArgumentSeparatorToken,1,0,4,23,17,528.82,0.03,2,1,0,5,0,1,1,5.62,0,0,0,0,0,94.01,10,3,13,0,3,0,18,0.07,2.78,159,2.41,157539.25,26,8,6,18,14,106.03,6,227,38.00,1,1,106.03,0.00,0.00,0.19,14,86.00,13,7236.08,0,16,13,java.lang.Object,0.00,0,0,50,0,0,2,0,6,1381,1,10,256,1.89,2.93,165859.48,1797,8783.49,95.29,206,356,5,72,35,0.50,0.40,3,38,113.16,0.10,13,3
net.objecthunter.exp4j.tokenizer,Tokenizer,parseFunctionOrVariable,6,0,25,162,48,28326.07,0.30,6,5,3,33,0,0,1,31.31,7,0,0,0,6,904.76,74,38,88,3,38,1,18,0.07,2.78,159,2.41,157539.25,26,8,6,18,14,106.03,6,227,38.00,1,1,106.03,0.00,0.00,0.19,14,86.00,13,7236.08,0,16,13,java.lang.Object,0.00,0,0,50,0,0,2,0,6,1381,1,10,256,1.89,2.93,165859.48,1797,8783.49,95.29,206,356,5,72,35,0.50,0.40,3,38,113.16,0.10,13,3
net.objecthunter.exp4j.tokenizer,Tokenizer,parseNumberToken,4,2,15,136,41,20136.60,0.24,4,3,2,21,2,1,1,27.64,2,0,0,0,3,728.63,64,33,72,1,39,1,18,0.07,2.78,159,2.41,157539.25,26,8,6,18,14,106.03,6,227,38.00,1,1,106.03,0.00,0.00,0.19,14,86.00,13,7236.08,0,16,13,java.lang.Object,0.00,0,0,50,0,0,2,0,6,1381,1,10,256,1.89,2.93,165859.48,1797,8783.49,95.29,206,356,5,72,35,0.50,0.40,3,38,113.16,0.10,13,3
net.objecthunter.exp4j.tokenizer,Tokenizer,parseOperatorToken,4,0,17,132,49,17512.90,0.25,4,7,2,22,0,1,1,23.63,5,0,0,0,4,741.14,58,24,74,2,31,2,18,0.07,2.78,159,2.41,157539.25,26,8,6,18,14,106.03,6,227,38.00,1,1,106.03,0.00,0.00,0.19,14,86.00,13,7236.08,0,16,13,java.lang.Object,0.00,0,0,50,0,0,2,0,6,1381,1,10,256,1.89,2.93,165859.48,1797,8783.49,95.29,206,356,5,72,35,0.50,0.40,3,38,113.16,0.10,13,3
net.objecthunter.exp4j.tokenizer,Tokenizer,parseParentheses,2,0,6,38,21,1557.81,0.06,3,2,0,9,0,1,1,9.33,0,0,0,0,2,166.91,14,5,24,1,5,0,18,0.07,2.78,159,2.41,157539.25,26,8,6,18,14,106.03,6,227,38.00,1,1,106.03,0.00,0.00,0.19,14,86.00,13,7236.08,0,16,13,java.lang.Object,0.00,0,0,50,0,0,2,0,6,1381,1,10,256,1.89,2.93,165859.48,1797,8783.49,95.29,206,356,5,72,35,0.50,0.40,3,38,113.16,0.10,13,3
net.objecthunter.exp4j.tokenizer,UnknownFunctionOrVariableException,UnknownFunctionOrVariableException,1,0,5,50,20,1629.03,0.07,1,0,1,6,0,3,1,7.54,0,0,0,0,0,216.10,28,12,22,0,10,0,6,0.00,1.17,25,0.20,5246.52,11,5,0,6,1,165.23,17,34,4.00,1,2,125.34,0.00,0.50,0.20,1,18.00,2,612.95,0,5,0,java.lang.IllegalArgumentException,0.00,0,1,7,0,0,1,0,4,152,1,10,256,1.89,2.93,165859.48,1797,8783.49,95.29,206,356,5,72,35,0.50,0.40,3,38,113.16,0.10,13,3
net.objecthunter.exp4j.tokenizer,UnknownFunctionOrVariableException,getExpression,1,3,2,8,8,60.00,0.01,1,0,0,3,1,0,1,2.50,0,0,0,0,0,24.00,3,1,5,0,0,0,6,0.00,1.17,25,0.20,5246.52,11,5,0,6,1,165.23,17,34,4.00,1,2,125.34,0.00,0.50,0.20,1,18.00,2,612.95,0,5,0,java.lang.IllegalArgumentException,0.00,0,1,7,0,0,1,0,4,152,1,10,256,1.89,2.93,165859.48,1797,8783.49,95.29,206,356,5,72,35,0.50,0.40,3,38,113.16,0.10,13,3
net.objecthunter.exp4j.tokenizer,UnknownFunctionOrVariableException,getMessage,1,0,2,10,10,99.66,0.01,1,0,0,3,0,0,2,3.00,0,0,0,0,0,33.22,4,1,6,0,0,0,6,0.00,1.17,25,0.20,5246.52,11,5,0,6,1,165.23,17,34,4.00,1,2,125.34,0.00,0.50,0.20,1,18.00,2,612.95,0,5,0,java.lang.IllegalArgumentException,0.00,0,1,7,0,0,1,0,4,152,1,10,256,1.89,2.93,165859.48,1797,8783.49,95.29,206,356,5,72,35,0.50,0.40,3,38,113.16,0.10,13,3
net.objecthunter.exp4j.tokenizer,UnknownFunctionOrVariableException,getPosition,1,3,2,8,8,60.00,0.01,0,0,0,3,1,0,1,2.50,0,0,0,0,0,24.00,3,1,5,0,0,0,6,0.00,1.17,25,0.20,5246.52,11,5,0,6,1,165.23,17,34,4.00,1,2,125.34,0.00,0.50,0.20,1,18.00,2,612.95,0,5,0,java.lang.IllegalArgumentException,0.00,0,1,7,0,0,1,0,4,152,1,10,256,1.89,2.93,165859.48,1797,8783.49,95.29,206,356,5,72,35,0.50,0.40,3,38,113.16,0.10,13,3
net.objecthunter.exp4j.tokenizer,UnknownFunctionOrVariableException,getToken,1,3,2,8,8,60.00,0.01,1,0,0,3,1,0,1,2.50,0,0,0,0,0,24.00,3,1,5,0,0,0,6,0.00,1.17,25,0.20,5246.52,11,5,0,6,1,165.23,17,34,4.00,1,2,125.34,0.00,0.50,0.20,1,18.00,2,612.95,0,5,0,java.lang.IllegalArgumentException,0.00,0,1,7,0,0,1,0,4,152,1,10,256,1.89,2.93,165859.48,1797,8783.49,95.29,206,356,5,72,35,0.50,0.40,3,38,113.16,0.10,13,3
net.objecthunter.exp4j.tokenizer,UnknownFunctionOrVariableException,token,2,0,6,47,22,3143.90,0.07,1,2,0,8,0,3,2,15.00,2,0,0,0,1,209.59,25,10,22,1,8,0,6,0.00,1.17,25,0.20,5246.52,11,5,0,6,1,165.23,17,34,4.00,1,2,125.34,0.00,0.50,0.20,1,18.00,2,612.95,0,5,0,java.lang.IllegalArgumentException,0.00,0,1,7,0,0,1,0,4,152,1,10,256,1.89,2.93,165859.48,1797,8783.49,95.29,206,356,5,72,35,0.50,0.40,3,38,113.16,0.10,13,3
net.objecthunter.exp4j.tokenizer,VariableToken,VariableToken,1,4,3,16,12,229.44,0.02,1,0,0,4,1,1,1,4.00,0,0,0,0,0,57.36,8,3,8,0,2,0,2,1.00,1.00,7,0.03,318.91,3,1,0,2,3,117.98,11,10,0.00,2,2,135.86,0.00,0.50,0.50,0,2.00,1,101.01,0,1,1,net.objecthunter.exp4j.tokenizer.Token,0.00,0,1,2,0,0,1,0,3,31,1,10,256,1.89,2.93,165859.48,1797,8783.49,95.29,206,356,5,72,35,0.50,0.40,3,38,113.16,0.10,13,3
net.objecthunter.exp4j.tokenizer,VariableToken,getName,1,4,2,8,8,60.00,0.01,1,0,0,3,1,0,1,2.50,0,0,0,0,0,24.00,3,1,5,0,0,0,2,1.00,1.00,7,0.03,318.91,3,1,0,2,3,117.98,11,10,0.00,2,2,135.86,0.00,0.50,0.50,0,2.00,1,101.01,0,1,1,net.objecthunter.exp4j.tokenizer.Token,0.00,0,1,2,0,0,1,0,3,31,1,10,256,1.89,2.93,165859.48,1797,8783.49,95.29,206,356,5,72,35,0.50,0.40,3,38,113.16,0.10,13,3
net.objecthunter.exp4j,ValidationResult,ValidationResult,1,5,3,23,15,616.17,0.03,2,0,0,4,1,2,1,6.86,0,0,0,0,0,89.86,12,4,11,0,2,0,3,0.17,1.00,11,0.08,1151.58,6,3,1,4,2,100.63,19,15,0.00,2,1,132.85,0.00,0.00,0.22,0,5.00,1,231.91,0,2,0,java.lang.Object,0.00,1,0,3,0,1,1,0,4,62,1,5,288,2.17,2.99,149743.43,1776,8968.80,108.87,159,332,11,78,30,0.83,0.17,1,36,108.64,0.00,13,5
net.objecthunter.exp4j,ValidationResult,getErrors,1,4,2,11,11,133.19,0.01,2,0,0,3,1,0,1,3.50,0,0,0,0,0,38.05,4,1,7,0,0,0,3,0.17,1.00,11,0.08,1151.58,6,3,1,4,2,100.63,19,15,0.00,2,1,132.85,0.00,0.00,0.22,0,5.00,1,231.91,0,2,0,java.lang.Object,0.00,1,0,3,0,1,1,0,4,62,1,5,288,2.17,2.99,149743.43,1776,8968.80,108.87,159,332,11,78,30,0.83,0.17,1,36,108.64,0.00,13,5
net.objecthunter.exp4j,ValidationResult,isValid,1,4,2,8,8,60.00,0.01,0,0,0,3,1,0,1,2.50,0,0,0,0,0,24.00,3,1,5,0,0,0,3,0.17,1.00,11,0.08,1151.58,6,3,1,4,2,100.63,19,15,0.00,2,1,132.85,0.00,0.00,0.22,0,5.00,1,231.91,0,2,0,java.lang.Object,0.00,1,0,3,0,1,1,0,4,62,1,5,288,2.17,2.99,149743.43,1776,8968.80,108.87,159,332,11,78,30,0.83,0.17,1,36,108.64,0.00,13,5
